trade_date,open,close,high,low,vol,amount,pct_chg,turnover
2025-04-11,44.25,46.7,48.65,43.9,236035771.0,11021779013.2,5.5367,3.94
2025-04-14,48.1,47.5,48.8,46.3,135992370.0,6462602320.6,1.7131,2.27
2025-04-15,47.0,45.35,47.65,44.05,137196805.0,6231688696.7,-4.5263,2.29
2025-04-16,46.45,45.4,47.2,44.5,135327693.0,6188667546.45,0.1103,2.26
2025-04-17,45.4,46.0,47.45,45.0,102140153.0,4755425031.5,1.3216,1.7
2025-04-22,46.4,46.6,47.0,45.0,89385284.0,4118092690.55,1.3043,1.49
2025-04-23,47.4,46.8,47.7,46.35,82707841.0,3883178525.95,0.4292,1.38
2025-04-24,46.65,46.35,47.3,45.45,50343555.0,2326855139.95,-0.9615,0.84
2025-04-25,46.45,45.05,46.7,44.25,88845881.0,4022391191.4,-2.8047,1.48
2025-04-28,45.1,45.4,46.6,45.0,46038493.0,2110238651.1,0.7769,0.77
2025-04-29,45.85,45.75,46.3,45.45,34407436.0,1577571100.65,0.7709,0.57
2025-04-30,45.9,46.9,47.45,45.75,64802351.0,3033177082.5,2.5137,1.08
2025-05-02,47.45,47.5,47.8,46.1,31454340.0,1488320032.65,1.2793,0.52
2025-05-06,47.7,46.95,48.1,46.55,61846555.0,2929424139.15,-1.1579,1.03
2025-05-07,47.9,46.2,48.3,46.15,65046061.0,3056858182.0,-1.5974,1.08
2025-05-08,46.2,45.15,46.4,44.35,96556366.0,4345506617.55,-2.2727,1.61
2025-05-09,42.5,43.0,43.0,40.4,201150977.0,8509084811.45,-4.7619,3.35
2025-05-12,43.6,44.45,45.0,41.9,122450360.0,5317100102.2,3.3721,2.04
2025-05-13,44.65,42.65,44.8,42.55,84111916.0,3624961999.05,-4.0495,1.4
2025-05-14,43.0,42.7,43.4,41.95,76687368.0,3265360503.3,0.1172,1.28
2025-05-15,42.95,41.25,42.95,41.0,83261607.0,3480622630.4,-3.3958,1.39
2025-05-16,41.0,41.7,42.15,41.0,44106600.0,1842191323.85,1.0909,0.74
2025-05-19,41.8,42.45,43.0,41.1,65754250.0,2780261103.95,1.7986,1.1
2025-05-20,42.9,43.0,43.5,42.6,50089500.0,2159679143.0,1.2956,0.84
2025-05-21,43.0,42.65,43.6,42.35,44873390.0,1924039821.65,-0.814,0.75
2025-05-22,42.4,41.8,43.1,41.55,48216649.0,2031323869.1,-1.993,0.8
2025-05-23,41.75,41.85,42.25,41.5,35888763.0,1502661243.35,0.1196,0.6
2025-05-26,42.65,42.15,43.35,42.0,62792238.0,2682227145.3,0.7168,1.05
2025-05-27,42.6,41.85,42.6,41.4,32704890.0,1368243028.5,-0.7117,0.55
2025-05-28,41.6,40.8,42.05,40.4,64806996.0,2649947069.6,-2.509,1.08
2025-05-29,40.65,41.4,42.1,40.3,78720696.0,3248539773.45,1.4706,1.31
2025-05-30,40.9,40.55,40.95,40.1,47926214.0,1936603587.75,-2.0531,0.8
2025-06-02,40.0,40.1,40.2,38.95,17669886.0,698751187.25,-1.1097,0.29
2025-06-03,40.35,40.5,40.75,40.1,30164609.0,1220129300.7,0.9975,0.5
2025-06-04,40.65,40.55,41.25,40.05,47464543.0,1930993798.65,0.1235,0.79
2025-06-05,40.8,42.25,42.5,40.65,82871023.0,3469723367.05,4.1924,1.38
2025-06-06,42.5,40.2,42.7,40.2,79455900.0,3293034771.35,-4.8521,1.32
2025-06-09,41.0,42.25,42.3,41.0,56000054.0,2344311555.5,5.0995,0.93
2025-06-10,42.3,41.45,42.45,40.9,55812817.0,2312439461.4,-1.8935,0.93
2025-06-11,41.45,41.65,42.15,41.35,35757268.0,1495125406.55,0.4825,0.6
2025-06-12,41.0,40.8,41.4,40.65,42824332.0,1751917280.65,-2.0408,0.71
2025-06-13,40.5,40.0,41.25,39.75,79633783.0,3196701963.1,-1.9608,1.33
2025-06-16,39.6,40.1,40.4,39.05,51681028.0,2055546843.3,0.25,0.86
2025-06-17,40.15,39.7,40.2,39.25,55928944.0,2215020911.75,-0.9975,0.93
2025-06-18,39.4,39.25,39.7,38.85,50036747.0,1960312234.25,-1.1335,0.83
2025-06-19,39.0,38.85,39.9,38.65,63377499.0,2486859624.35,-1.0191,1.06
2025-06-20,39.25,39.5,39.95,38.95,64395487.0,2554630004.85,1.6731,1.07
2025-06-23,39.65,41.3,41.8,39.35,129880829.0,5325493930.95,4.557,2.17
2025-06-24,41.8,41.7,42.6,41.0,85608796.0,3580992969.3,0.9685,1.43
2025-06-25,42.1,44.05,44.6,42.1,164981826.0,7166695226.1,5.6355,2.75
2025-06-26,44.5,44.5,45.65,43.8,106908424.0,4777723617.3,1.0216,1.78
2025-06-27,44.85,44.85,45.8,44.7,88839165.0,4023726332.9,0.7865,1.48
2025-06-30,46.25,44.7,48.0,44.55,151060507.0,7006576198.1,-0.3344,2.52
2025-07-02,45.15,43.55,45.4,43.15,89397299.0,3924170324.6,-2.5727,1.49
2025-07-03,43.65,43.3,44.65,43.15,78532958.0,3435376577.15,-0.5741,1.31
2025-07-04,43.1,43.95,44.8,41.5,124680391.0,5392124722.95,1.5012,2.08
2025-07-07,44.3,44.3,45.0,43.7,58889473.0,2606606893.0,0.7964,0.98
2025-07-08,44.65,45.65,45.9,44.45,68833165.0,3113078998.8,3.0474,1.15
2025-07-09,45.65,44.65,45.7,44.4,48918407.0,2196646182.75,-2.1906,0.82
2025-07-10,44.75,44.95,45.4,44.5,39808214.0,1792304264.65,0.6719,0.66
2025-07-11,44.75,45.95,46.85,44.75,83344868.0,3852759756.85,2.2247,1.39
2025-07-14,46.2,46.45,47.0,45.7,54314874.0,2528363662.8,1.0881,0.91
2025-07-15,46.4,45.6,47.1,44.9,92558441.0,4218269477.1,-1.8299,1.54
2025-07-16,45.35,45.4,46.45,44.55,58314723.0,2664586789.55,-0.4386,0.97
2025-07-17,45.6,46.3,46.55,45.15,56836441.0,2623705430.2,1.9824,0.95
2025-07-18,46.7,47.1,47.35,45.95,63008978.0,2951468492.45,1.7279,1.05
2025-07-21,47.45,47.25,48.0,46.6,57525367.0,2723930171.65,0.3185,0.96
2025-07-22,47.5,48.55,49.2,47.1,101030803.0,4899480384.2,2.7513,1.68
2025-07-23,49.25,48.75,49.3,47.9,72702914.0,3538326636.1,0.4119,1.21
2025-07-24,48.95,50.25,51.6,48.75,139872459.0,7048749847.65,3.0769,2.33
2025-07-25,50.4,52.75,53.8,50.2,145837338.0,7590908385.6,4.9751,2.43
2025-07-28,53.55,53.1,53.55,52.0,81890865.0,4324208964.55,0.6635,1.37
2025-07-29,53.1,53.35,53.45,51.55,67956748.0,3570411345.5,0.4708,1.13
2025-07-30,52.65,50.2,52.65,50.0,118943656.0,6064938553.25,-5.9044,1.98
2025-07-31,50.0,51.1,52.95,49.1,104907136.0,5389700442.85,1.7928,1.75
2025-08-01,51.1,50.05,52.3,49.9,65840725.0,3339652390.1,-2.0548,1.1
2025-08-04,49.8,51.5,51.75,49.8,53873828.0,2762951740.9,2.8971,0.9
2025-08-05,51.6,51.0,52.7,50.5,69595649.0,3598089024.1,-0.9709,1.16
2025-08-06,51.25,52.6,52.95,50.5,72245201.0,3752208341.88,3.1373,1.2
2025-08-07,52.55,53.0,54.7,51.85,90416223.0,4817905731.5,0.7605,1.51
2025-08-08,51.0,48.66,51.3,48.5,218640904.0,10862437945.42,-8.1887,3.65
2025-08-11,49.04,48.7,49.24,47.14,109296429.0,5252424959.88,0.0822,1.82
2025-08-12,48.86,51.15,51.55,48.2,112240544.0,5643214205.38,5.0308,1.87
2025-08-13,51.25,52.05,52.1,50.95,83959625.0,4338376317.8,1.7595,1.4
2025-08-14,52.5,52.0,54.4,51.85,115170190.0,6115399028.75,-0.0961,1.92
2025-08-15,51.75,52.75,53.2,51.45,80095392.0,4198116124.46,1.4423,1.34
2025-08-18,53.5,51.8,53.8,51.75,80816682.0,4240548938.25,-1.8009,1.35
2025-08-19,51.85,50.05,52.15,49.66,77786478.0,3938378220.38,-3.3784,1.3
2025-08-20,49.5,51.75,52.55,49.4,106235006.0,5415142819.44,3.3966,1.77
2025-08-21,51.85,51.7,53.05,50.9,67561130.0,3500967477.95,-0.0966,1.13
2025-08-22,52.85,56.9,57.5,52.7,296455102.0,16408960102.1,10.058,4.94
2025-08-25,58.45,57.8,61.75,56.0,235311070.0,13797807969.8,1.5817,3.92
2025-08-26,57.0,56.2,57.45,55.4,104068446.0,5861733754.95,-2.7682,1.74
2025-08-27,57.0,56.25,60.3,55.75,221959736.0,12950278965.15,0.089,3.7
2025-08-28,57.0,62.3,62.8,56.65,328184511.0,19836412050.45,10.7556,5.47
2025-08-29,62.25,60.7,62.25,59.9,138500782.0,8421519659.7,-2.5682,2.31
2025-09-01,64.75,63.65,65.65,60.55,188898351.0,11900231386.65,4.86,3.15
2025-09-02,63.8,60.7,64.1,58.75,189292322.0,11551325833.3,-4.6347,3.16
2025-09-03,61.85,60.0,62.1,59.35,81425532.0,4921642177.1,-1.1532,1.36
2025-09-04,60.2,56.0,60.8,55.35,187841288.0,10686938015.15,-6.6667,3.13
2025-09-05,56.8,58.7,60.2,56.3,158505131.0,9247560551.85,4.8214,2.64
2025-09-08,58.7,58.15,58.8,56.65,97043391.0,5587725876.4,-0.937,1.62
2025-09-09,58.0,58.25,60.65,56.0,120101934.0,7076891614.5,0.172,2.0
2025-09-10,58.7,60.35,60.95,58.7,90346929.0,5418157278.8,3.6052,1.51
2025-09-11,60.1,63.35,64.45,59.4,134823644.0,8470709376.15,4.971,2.25
2025-09-12,64.2,62.75,65.0,62.1,103139295.0,6551506993.9,-0.9471,1.72
2025-09-15,63.65,63.0,64.5,62.55,64804768.0,4105909630.4,0.3984,1.08
2025-09-16,63.1,63.2,64.2,61.95,76132007.0,4815565275.15,0.3175,1.27
2025-09-17,64.3,67.7,67.8,63.7,169646110.0,11267083951.2,7.1203,2.83
2025-09-18,68.55,69.5,73.3,67.7,243974812.0,17235177264.5,2.6588,4.07
2025-09-19,71.1,69.75,72.5,68.65,151250095.0,10678918079.35,0.3597,2.52
2025-09-22,69.75,73.35,74.05,69.05,136569630.0,9878453943.5,5.1613,2.28
2025-09-23,74.05,72.6,74.7,70.25,135366490.0,9766187429.8,-1.0225,2.26
2025-09-24,72.8,76.75,78.25,72.15,150321829.0,11402208955.7,5.7163,2.51
2025-09-25,77.2,76.8,78.8,75.2,114883313.0,8861911614.95,0.0651,1.91
2025-09-26,75.9,72.95,77.8,72.2,141599380.0,10641068508.85,-5.013,2.36
2025-09-29,74.0,76.5,76.5,73.1,106533474.0,7973807065.65,4.8663,1.78
2025-09-30,77.5,79.55,79.95,77.5,115419312.0,9114340568.6,3.9869,1.92
2025-10-02,80.15,89.65,90.35,80.1,67389636.0,5840577417.9,12.6964,1.12
2025-10-03,90.35,90.9,91.35,88.65,34462352.0,3102587937.5,1.3943,0.57
2025-10-06,90.5,91.05,92.8,87.4,43900768.0,3953173088.1,0.165,0.73
2025-10-08,91.0,89.5,91.5,87.7,38845844.0,3468659227.95,-1.7024,0.65
2025-10-09,88.4,83.5,93.5,82.5,303809230.0,26499269878.05,-6.7039,5.06
2025-10-10,81.95,77.55,82.65,76.65,203174461.0,16039839476.8,-7.1257,3.39
2025-10-13,75.5,80.15,81.4,75.5,265993481.0,21053000125.19,3.3527,4.43
2025-10-14,81.8,73.35,81.85,72.1,210423170.0,15877622091.25,-8.4841,3.51
2025-10-15,74.2,76.0,76.15,71.5,135742186.0,10055792360.55,3.6128,2.26
2025-10-16,76.0,73.9,76.2,72.6,89385266.0,6646206862.36,-2.7632,1.49
2025-10-17,73.65,69.1,74.1,68.35,166659866.0,11670648306.45,-6.4953,2.78
2025-10-20,71.6,71.8,72.75,70.2,85998261.0,6154771202.8,3.9074,1.43
2025-10-21,73.3,74.05,76.4,72.85,121886166.0,9150416914.2,3.1337,2.03
2025-10-22,73.85,74.85,75.9,72.5,82298535.0,6133300353.35,1.0804,1.37
2025-10-23,74.5,74.05,75.0,71.85,91305190.0,6709750973.75,-1.0688,1.52
2025-10-24,75.7,80.0,80.05,75.7,154628465.0,12097320317.99,8.0351,2.58
2025-10-27,82.95,82.8,83.8,80.8,143794946.0,11878770764.15,3.5,2.4
2025-10-28,82.8,80.1,85.5,80.05,124471245.0,10274836310.8,-3.2609,2.07
2025-10-30,81.95,79.2,82.4,77.3,141883664.0,11245295756.5,-1.1236,2.36
2025-10-31,79.2,75.0,79.2,74.6,108145564.0,8204539498.7,-5.303,1.8
2025-11-03,74.2,72.85,75.2,71.3,95882523.0,6944375404.3,-2.8667,1.6
2025-11-04,73.6,71.85,75.45,71.65,74920975.0,5499102985.7,-1.3727,1.25
2025-11-05,70.0,71.7,72.35,69.35,76003489.0,5361959810.8,-0.2088,1.27
2025-11-06,73.55,76.95,77.75,72.85,118576840.0,8930186892.95,7.3222,1.98
2025-11-07,75.75,75.45,77.95,74.7,58051968.0,4413125308.8,-1.9493,0.97
2025-11-10,76.0,74.7,76.7,72.5,74373722.0,5495250755.4,-0.994,1.24
2025-11-11,75.45,72.65,75.6,71.55,70851474.0,5177861386.25,-2.7443,1.18
2025-11-12,72.5,73.25,73.55,70.7,66485006.0,4797348967.25,0.8259,1.11
2025-11-13,72.85,75.6,75.6,71.7,88521178.0,6548446640.05,3.2082,1.48
2025-11-14,74.25,73.5,77.25,73.2,93053916.0,6999751274.55,-2.7778,1.55
2025-11-17,73.8,72.95,75.65,72.8,60837818.0,4507146855.0,-0.7483,1.01
2025-11-18,72.65,74.0,75.65,72.2,69119836.0,5140533578.4,1.4393,1.15
2025-11-19,74.6,73.0,74.75,72.05,49252284.0,3600236181.05,-1.3514,0.82
2025-11-20,74.6,73.5,75.25,72.3,59009341.0,4345727602.85,0.6849,0.98
2025-11-21,71.1,68.8,71.95,68.6,107859632.0,7538430313.25,-6.3946,1.8
2025-11-24,69.05,68.05,69.55,63.7,146771590.0,9721540241.04,-1.0901,2.45
2025-11-25,68.9,67.95,70.25,66.9,77251132.0,5306909261.15,-0.147,1.29
2025-11-26,67.8,68.85,69.95,66.9,48414677.0,3324895741.75,1.3245,0.81
2025-11-27,69.15,68.35,71.8,68.15,67041842.0,4692901086.65,-0.7262,1.12
2025-11-28,69.6,68.8,69.6,67.9,34635482.0,2380158686.0,0.6584,0.58
2025-12-01,68.9,69.45,69.95,67.85,36618423.0,2532143772.95,0.9448,0.61
2025-12-02,69.35,68.65,69.65,68.05,23942332.0,1643697393.15,-1.1519,0.4
2025-12-03,68.15,67.2,69.25,66.85,35626389.0,2414488068.4,-2.1122,0.59
2025-12-04,67.3,69.8,70.25,66.55,50376074.0,3464806371.05,3.869,0.84
2025-12-05,69.75,69.75,70.9,68.55,45551129.0,3185007812.75,-0.0716,0.76
2025-12-08,70.2,71.8,72.9,70.15,69233641.0,4987910867.7,2.9391,1.15
2025-12-09,70.6,68.85,71.0,68.45,66229434.0,4607931833.35,-4.1086,1.1
2025-12-10,69.3,68.7,69.35,67.2,44357583.0,3008830804.2,-0.2179,0.74
2025-12-11,69.0,67.15,69.25,66.55,49462751.0,3336579001.1,-2.2562,0.82
2025-12-12,67.6,67.7,68.65,65.35,59855565.0,4013006713.3,0.8191,1.0
2025-12-15,68.0,64.7,68.0,64.45,67089126.0,4402278480.6,-4.4313,1.12
2025-12-16,64.5,63.45,65.15,62.0,64784997.0,4081880316.15,-1.932,1.08
2025-12-17,63.05,64.75,65.2,63.05,40298935.0,2593098164.65,2.0489,0.67
2025-12-18,64.0,64.7,65.6,63.65,39415584.0,2550990720.15,-0.0772,0.66
2025-12-19,65.45,65.05,66.15,64.8,39163474.0,2561376268.1,0.541,0.65
2025-12-22,66.0,68.9,70.45,65.95,91315684.0,6275741564.85,5.9185,1.52
2025-12-23,69.5,68.9,70.35,68.3,49966498.0,3462248497.25,0.0,0.83
2025-12-24,70.35,71.05,72.5,70.35,69359801.0,4956364778.58,3.1205,1.16
2025-12-29,71.5,69.55,73.7,69.55,77352135.0,5539644531.11,-2.1112,1.29
2025-12-30,71.5,72.5,73.15,70.45,93554254.0,6743620823.85,4.2416,1.56
2025-12-31,72.9,71.45,73.45,71.2,33185970.0,2398272191.0,-1.4483,0.55
2026-01-02,71.45,75.1,75.4,70.8,40669802.0,3029361268.05,5.1085,0.68
2026-01-05,75.8,76.5,78.3,75.05,129977658.0,9955751451.69,1.8642,2.17
2026-01-06,77.0,75.6,78.9,75.4,100574288.0,7747964894.33,-1.1765,1.68
2026-01-07,76.4,74.7,76.7,73.7,98807996.0,7393201282.1,-1.1905,1.65
2026-01-08,74.6,74.95,77.45,74.1,92810803.0,7054325352.95,0.3347,1.55
2026-01-09,75.5,74.4,76.25,73.5,71074224.0,5292258826.0,-0.7338,1.18
2026-01-12,74.5,75.3,75.5,73.35,64618788.0,4811958827.9,1.2097,1.08
2026-01-13,75.2,74.45,76.15,73.25,69713451.0,5190603701.05,-1.1288,1.16
2026-01-14,74.6,75.95,76.45,74.15,80458547.0,6069374666.9,2.0148,1.34
2026-01-15,75.5,77.35,78.4,74.95,72736228.0,5574170845.0,1.8433,1.21
2026-01-16,78.8,79.2,79.7,77.6,88248919.0,6964284811.0,2.3917,1.47
2026-01-19,79.2,77.0,80.1,77.0,52927092.0,4128915754.6,-2.7778,0.88
2026-01-20,77.4,74.5,77.6,73.75,65838024.0,4930807502.0,-3.2468,1.1
2026-01-21,73.45,77.25,77.75,73.35,75590192.0,5792655804.55,3.6913,1.26
2026-01-22,78.5,77.85,79.45,76.4,50921076.0,3962351190.25,0.7767,0.85
2026-01-23,78.5,78.1,78.55,76.85,36489263.0,2829325430.2,0.3211,0.61
2026-01-26,77.4,75.55,77.45,74.7,53747542.0,4061396346.65,-3.265,0.9
2026-01-27,75.5,76.6,77.15,73.95,60791315.0,4602074537.3,1.3898,1.01
2026-01-28,77.2,79.3,79.9,77.15,98301722.0,7740920348.3,3.5248,1.64
2026-01-29,79.7,77.25,79.8,75.85,74734384.0,5781591339.45,-2.5851,1.25
2026-01-30,76.0,75.4,77.0,74.5,52788932.0,4001555554.05,-2.3948,0.88
2026-02-02,75.0,72.2,75.0,70.85,97837858.0,7082961928.75,-4.244,1.63
2026-02-03,73.2,70.45,73.7,69.35,92793142.0,6581260145.4,-2.4238,1.55
2026-02-04,69.8,68.75,69.85,67.8,69297925.0,4761605369.85,-2.4131,1.15
2026-02-05,67.2,67.45,67.8,65.5,75575663.0,5029573001.0,-1.8909,1.26
2026-02-06,66.0,67.6,69.05,65.75,53161260.0,3596186460.25,0.2224,0.89
2026-02-09,69.6,70.35,71.75,69.0,54489471.0,3829588097.55,4.068,0.91
2026-02-10,71.2,71.55,71.95,70.15,45008675.0,3207609902.7,1.7058,0.75
2026-02-11,69.85,70.0,70.0,68.25,88262555.0,6109846387.05,-2.1663,1.47
2026-02-12,70.8,69.8,71.0,69.35,40928219.0,2866249860.32,-0.2857,0.68
2026-02-13,69.1,70.35,71.4,68.65,49969181.0,3516982735.25,0.788,0.83
2026-02-16,70.45,69.9,70.65,69.25,7346214.0,514912195.6,-0.6397,0.12
2026-02-20,69.9,67.7,70.45,67.7,13802979.0,944863270.6,-3.1474,0.23
2026-02-23,68.4,71.1,71.75,68.4,23965395.0,1699086444.05,5.0222,0.4
2026-02-24,69.9,69.4,70.8,68.6,51793107.0,3600365903.65,-2.391,0.86
2026-02-25,70.55,69.85,71.0,69.8,43679241.0,3069609609.95,0.6484,0.73
2026-02-26,70.65,67.6,70.65,67.6,56464703.0,3887415317.25,-3.2212,0.94
2026-02-27,67.6,68.0,69.0,66.45,36167811.0,2461828304.2,0.5917,0.6
2026-03-02,66.6,64.6,67.6,64.55,91011720.0,5952804158.8,-5.0,1.52
2026-03-03,65.25,62.55,65.5,61.0,85167593.0,5347352241.9,-3.1734,1.42
2026-03-04,61.0,61.25,63.2,60.7,60414856.0,3722920367.45,-2.0783,1.01
2026-03-05,63.0,61.5,63.55,61.25,50672825.0,3157377093.4,0.4082,0.84
2026-03-06,61.65,61.8,63.6,61.1,70796224.0,4410152783.5,0.4878,1.18
2026-03-09,58.8,60.85,61.3,58.3,69946059.0,4180002241.25,-1.5372,1.17
2026-03-10,62.35,64.2,64.2,61.8,58878832.0,3716928164.25,5.5053,0.98
2026-03-11,64.5,63.75,65.4,63.35,39428906.0,2537643136.95,-0.7009,0.66
2026-03-12,63.1,63.1,65.6,62.4,41020368.0,2614831374.3,-1.0196,0.68
2026-03-13,62.6,62.2,62.9,61.3,40672853.0,2520123266.25,-1.4263,0.68
2026-03-16,61.85,62.5,64.15,60.5,53596361.0,3338761947.2,0.4823,0.89
2026-03-17,63.15,61.85,63.35,61.1,44776126.0,2779765470.35,-1.04,0.75
2026-03-18,62.3,61.7,62.7,61.1,38618450.0,2385622047.4,-0.2425,0.64
2026-03-19,60.5,59.75,61.1,59.25,68178947.0,4095921239.69,-3.1605,1.14
2026-03-20,59.75,56.9,60.45,56.3,86432962.0,5015536159.0,-4.7699,1.44
2026-03-23,55.0,54.15,55.95,52.8,107629358.0,5834380334.55,-4.833,1.79
2026-03-24,55.05,55.2,55.2,53.1,62381777.0,3394617395.35,1.9391,1.04
2026-03-25,55.6,56.5,57.7,55.6,55556759.0,3135582424.15,2.3551,0.93
2026-03-26,56.0,53.15,56.1,52.9,67639023.0,3640332231.0,-5.9292,1.13
2026-03-27,52.1,52.5,53.45,51.8,55576934.0,2930539747.35,-1.223,0.93
2026-03-30,50.5,51.4,51.7,49.32,79858927.0,4044725366.39,-2.0952,1.33
2026-03-31,50.8,50.7,52.9,50.0,49238685.0,2517391877.75,-1.3619,0.82
2026-04-01,52.75,52.85,53.65,51.9,62707381.0,3312618308.05,4.2406,1.04
2026-04-02,52.85,51.0,52.85,50.05,65408563.0,3332648260.0,-3.5005,1.09
2026-04-08,54.8,56.15,57.15,53.95,120792522.0,6718809753.25,10.098,2.01
2026-04-09,55.65,55.7,57.0,54.5,51135459.0,2865786347.3,-0.8014,0.85
2026-04-10,57.0,58.25,59.6,56.9,104483042.0,6108620059.05,4.5781,1.74
2026-04-13,57.4,57.15,58.2,56.6,41213698.0,2356011426.4,-1.8884,0.69
2026-04-14,58.9,57.95,58.9,57.15,41751669.0,2421186116.75,1.3998,0.69
2026-04-15,59.7,59.3,60.45,58.65,68304303.0,4065827555.2,2.3296,1.14
2026-04-16,59.3,59.95,60.15,58.75,48238382.0,2873327858.9,1.0961,0.8
2026-04-17,60.0,59.35,60.45,58.65,43292976.0,2572189053.95,-1.0008,0.72
2026-04-20,60.0,59.8,60.95,58.8,56745504.0,3399472544.95,0.7582,0.94
2026-04-21,60.3,60.1,60.4,59.3,35219004.0,2113292179.4,0.5017,0.59
2026-04-22,59.6,59.3,60.15,58.45,59394935.0,3512661252.4,-1.3311,0.99
2026-04-23,59.9,58.45,60.45,57.7,53658696.0,3153160577.25,-1.4334,0.89
2026-04-24,57.7,64.3,65.3,57.65,197782770.0,12413152552.85,10.0086,3.29
2026-04-27,67.2,68.25,69.95,66.55,174513759.0,11971408461.6,6.1431,2.9
2026-04-28,68.7,66.05,68.9,65.3,95445464.0,6391136782.05,-3.2234,1.59
2026-04-29,65.65,65.8,66.25,64.1,65251961.0,4257623647.65,-0.3785,1.09
2026-04-30,66.35,70.9,71.7,66.0,168177459.0,11666287375.1,7.7508,2.8
2026-05-04,72.0,72.15,74.65,72.0,39679795.0,2915603399.85,1.763,0.66
2026-05-05,71.3,70.8,71.9,70.1,17343650.0,1226803515.7,-1.8711,0.29
2026-05-06,73.75,74.85,79.4,73.6,216090246.0,16500926016.15,5.7203,3.59
2026-05-07,76.55,76.75,79.4,74.35,145130185.0,11133754576.4,2.5384,2.41
2026-05-08,74.85,73.35,75.3,72.5,106496499.0,7803020446.35,-4.43,1.77
2026-05-11,75.65,76.6,77.85,75.55,110370158.0,8474024541.0,4.4308,1.84
2026-05-12,77.95,76.6,78.0,73.4,99822983.0,7561506977.1,0.0,1.66
2026-05-13,74.35,74.15,75.2,72.1,86814246.0,6430596721.75,-3.1984,1.44
2026-05-14,75.3,71.5,76.1,71.5,98394521.0,7186543598.7,-3.5738,1.64
2026-05-15,73.9,71.15,76.65,70.75,156841011.0,11574741504.15,-0.4895,2.61
2026-05-18,70.55,68.7,72.65,67.6,118961756.0,8304258621.64,-3.4434,1.98
2026-05-19,67.95,68.5,69.4,65.2,119791532.0,8014463903.8,-0.2911,1.99
2026-05-20,68.05,75.15,77.45,67.6,258516139.0,19218462575.85,9.708,4.3
2026-05-21,78.0,74.2,79.4,73.5,179007685.0,13771155178.7,-1.2641,2.98
2026-05-22,76.85,79.85,80.1,73.6,212610930.0,16513887812.45,7.6146,3.54
2026-05-26,91.8,84.4,93.0,84.1,371835947.0,32579806617.8,5.6982,6.18
2026-05-27,86.0,85.2,89.45,83.15,192709679.0,16653965063.8,0.9479,3.2
2026-05-28,84.95,88.25,92.5,84.3,264369889.0,23659568499.92,3.5798,4.4
2026-05-29,88.5,81.6,89.65,80.8,214921589.0,18216477284.68,-7.5354,3.57
2026-06-01,81.3,79.45,84.3,78.55,140374235.0,11359210365.85,-2.6348,2.33
2026-06-02,79.85,81.95,83.4,79.15,104037549.0,8492423021.9,3.1466,1.73
2026-06-03,83.05,82.95,85.8,81.9,111192799.0,9361647471.05,1.2203,1.85
2026-06-04,81.65,81.5,84.75,80.0,100629284.0,8331977554.1,-1.748,1.67
2026-06-05,80.8,75.65,81.45,75.35,192990499.0,14927141279.05,-7.1779,3.21
2026-06-08,73.0,72.55,76.1,71.15,140624827.0,10255444048.95,-4.0978,2.34
2026-06-09,73.0,75.0,76.8,71.6,96331167.0,7189351420.8,3.377,1.6
2026-06-10,74.05,72.35,77.8,71.05,108384523.0,7967409050.2,-3.5333,1.8
2026-06-11,72.3,73.3,73.55,70.5,80335506.0,5782299307.37,1.3131,1.34
2026-06-12,75.55,71.65,77.0,71.3,101440814.0,7534475268.4,-2.251,1.69
2026-06-15,74.0,76.65,76.95,72.65,99265387.0,7521190504.65,6.9784,1.65
2026-06-16,77.45,74.0,77.95,72.95,74473870.0,5588484275.9,-3.4573,1.24
2026-06-17,73.0,75.75,76.5,72.4,97501973.0,7279235013.3,2.3649,1.62
2026-06-18,76.1,76.5,79.45,73.75,203554119.0,15559424914.7,0.9901,3.38
2026-06-22,78.8,78.9,82.4,77.15,171994651.0,13669507199.7,3.1373,2.86
2026-06-23,79.2,77.85,84.1,76.5,182963530.0,14700757649.15,-1.3308,3.04
2026-06-24,77.6,84.8,86.45,77.6,218098916.0,18241345080.4,8.9274,3.63
2026-06-25,87.4,86.0,88.7,83.8,127969567.0,11048462055.25,1.4151,2.13
2026-06-26,84.5,80.0,85.25,79.05,142920129.0,11608917778.0,-6.9767,2.38
2026-06-29,79.55,84.8,85.8,79.35,124513219.0,10281331877.7,6.0,2.07
2026-06-30,84.6,89.4,91.55,84.25,176623921.0,15767983901.05,5.4245,2.94
2026-07-02,84.1,80.4,84.2,78.55,178219425.0,14496277976.65,-10.0671,2.96
2026-07-03,80.0,77.6,81.45,76.45,124053283.0,9775810656.3,-3.4826,2.06
